{
  "logos": [
    {
      "img": "https://rondi.ru/homepage/img/logos/Xiaomi.svg",
      "name": "Xiaomi"
    },
    {
      "img": "https://rondi.ru/homepage/img/logos/Apple.svg",
      "name": "Apple"
    },
    {
      "img": "https://rondi.ru/homepage/img/logos/Braun.svg",
      "name": "Braun"
    },
    {
      "img": "https://rondi.ru/homepage/img/logos/Huawei.svg",
      "name": "Huawei"
    },
    {
      "img": "https://rondi.ru/homepage/img/logos/LG.svg",
      "name": "LG"
    },
    {
      "img": "https://rondi.ru/homepage/img/logos/Canon.svg",
      "name": "Canon"
    },
    {
      "img": "https://rondi.ru/homepage/img/logos/Samsung.svg",
      "name": "Samsung"
    },
    {
      "img": "https://rondi.ru/homepage/img/logos/Asus.svg",
      "name": "Asus"
    }
  ],
  "mainNavs": [
    {
      "href": "#",
      "img": "icon-menu-computer",
      "imgr": "https://rondi.ru/homepage/img/svg-color/computer.svg",
      "subcategories": [
        "ноутбуки",
        "видеокарты"
      ],
      "subcategoriesFull": [
        "Ноутбуки и планшеты",
        "Компьютеры и периферия",
        "Комплектующие для ПК",
        "Игры и приставки"
      ],
      "title": "Компьютеры"
    },
    {
      "href": "#",
      "img": "icon-menu-electronic",
      "imgr": "https://rondi.ru/homepage/img/svg-color/electronic.svg",
      "subcategories": [
        "смартфоны",
        "ТВ"
      ],
      "subcategoriesFull": [
        "Телефоны и смарт-часы",
        "Телевизоры и медиа",
        "Аудиотехника",
        "Фото-видеоаппаратура"

      ],
      "title": "Цифровая техника"
    },
    {
      "href": "#",
      "img": "icon-menu-appliance",
      "imgr": "https://rondi.ru/homepage/img/svg-color/appliance.svg",
      "subcategories": [
        "для дома",
        "для кухни"
      ],
      "subcategoriesFull": [
        "Крупная бытовая техника",
        "Товары для кухни",
        "Товары для дома",
        "Товары для отдыха на природе"
      ],
      "title": "Бытовая техника"
    },
    {
      "href": "#",
      "img": "icon-menu-hair-dryer",
      "imgr": "https://rondi.ru/homepage/img/svg-color/hair-dryer.svg",
      "subcategories": [
        "для бритья",
        "фены"
      ],
      "subcategoriesFull": [
        "Уход за собой",
        "Здоровье",
        "Детям"
      ],
      "title": "Красота и здоровье"
    },
    {
      "href": "#",
      "img": "icon-menu-drill",
      "imgr": "https://rondi.ru/homepage/img/svg-color/drill.svg",
      "subcategories": [
        "электроиструменты"
      ],
      "subcategoriesFull": [
        "Инструменты",
        "Расходные материалы и оснастка",
        "Аксессуары"
      ],
      "title": "Инструменты"
    },
    {
      "href": "#",
      "img": "icon-menu-office",
      "imgr": "https://rondi.ru/homepage/img/svg-color/office.svg",
      "subcategories": [
        "сетевое оборудование"
      ],
      "subcategoriesFull": [
        "Маршрутизаторы и прочее беспроводное оборудование",
        "Профессиональное сетевое оборудование",
        "Оргтехника и расходные материалы",
        "Офисное оборудование",
        "Торговое оборудование"
      ],
      "title": "Для офиса"
    },
    {
      "href": "#",
      "img": "icon-menu-car",
      "imgr": "https://rondi.ru/homepage/img/svg-color/car.svg",
      "subcategories": [
        "видеорегистраторы"
      ],
      "subcategoriesFull": [
        "Ноутбуки и аксессуары",
        "Планшеты, электронные книги и аксессуары",
        "Запчасти и ПО для ноутбуков и планшетов",
        "Компьютерные системы",
        "Периферия",
        "Программное обеспечение и аксессуары",
        "Основные комплектующие",
        "Хранение данных и охлаждение",
        "Устройства расширения и апгрейд"
      ],
      "title": "Для авто"
    },
    {
      "href": "#",
      "img": "icon-menu-service",
      "imgr": "https://rondi.ru/homepage/img/svg-color/service.svg",
      "subcategories": [
        "установка",
        "настройка"
      ],
      "subcategoriesFull": [
        "Ноутбуки и аксессуары",
        "Планшеты, электронные книги и аксессуары",
        "Запчасти и ПО для ноутбуков и планшетов",
        "Компьютерные системы",
        "Периферия",
        "Программное обеспечение и аксессуары",
        "Основные комплектующие",
        "Хранение данных и охлаждение",
        "Устройства расширения и апгрейд"
      ],
      "title": "Услуги"
    },
    {
      "href": "#",
      "img": "icon-menu-broken",
      "imgr": "https://rondi.ru/homepage/img/catalog/broken.png",
      "subcategoriesFull": [
        "Ноутбуки и аксессуары",
        "Планшеты, электронные книги и аксессуары",
        "Запчасти и ПО для ноутбуков и планшетов",
        "Компьютерные системы",
        "Периферия",
        "Программное обеспечение и аксессуары",
        "Основные комплектующие",
        "Хранение данных и охлаждение",
        "Устройства расширения и апгрейд"
      ],
      "title": "Уцененные товары"
    }
  ],
  "mainbanners": [
    {
      "img": "https://i.snag.gy/FnJsEk.jpg",
      "title": "1"
    },
    {
      "img": "https://i.snag.gy/kUb2qD.jpg",
      "title": "2"
    },
    {
      "img": "https://i.snag.gy/Vt3bZU.jpg",
      "title": "3"
    },
    {
      "img": "https://i.snag.gy/Vt3bZU.jpg",
      "title": "4"
    },
    {
      "img": "https://i.snag.gy/Vt3bZU.jpg",
      "title": "5"
    }
  ],
  "news": [
    {
      "date": "сегодня",
      "img": "https://i.snag.gy/pwc7OE.jpg",
      "title": "Курсы 1С: Предприятие,  открыт набор"
    },
    {
      "date": "вчера",
      "img": "https://i.snag.gy/0Y9dOV.jpg",
      "title": "Предзаказ! Компактная камера Nikon COOLPIX P1000"
    },
    {
      "date": "вчера",
      "img": "https://i.snag.gy/Cu6hKn.jpg",
      "title": "Открытие магазина в г. Истра"
    },
    {
      "date": "26 июня 2018г.",
      "img": "https://i.snag.gy/hAmYac.jpg",
      "title": "Новинка! Смартфон Singer Brilliance 6180"
    }
  ],
  "products": [
    {
      "product": [
        {
          "comment": 15,
          "href": "#",
          "img": "https://c.dns-shop.ru/thumb/st4/fit/190/190/5fc62f017a6c0fe9c48cd68168bfca3f/0c39f6486867ab1939a2e1e4279f9cf1abd8a48474827cbc1e2b2d4fd48b1003.jpg",
          "oldprice": 19999,
          "price": 18999,
          "rating": "4",
          "reviewcount": 154,
          "title": "15.6 Ноутбук ASUS VivoBook Max D541NA-GQ335T черный"
        },
        {
          "comment": 15,
          "href": "#",
          "img": "https://c.dns-shop.ru/thumb/st1/fit/190/190/00fc13aca42dda8551b571163c93937a/616789788c770440d40afba990ea68a25110732f6edb0b5ef4a63f2e12a7bf4a.jpg",
          "oldprice": "",
          "price": 14299,
          "rating": "4",
          "reviewcount": 154,
          "title": "Видеокарта Palit GeForce GTX 1050 Ti DUAL OC [NE5105TS18G1-1071D]"
        },
        {
          "comment": 15,
          "href": "#",
          "img": "https://c.dns-shop.ru/thumb/st1/fit/190/190/7dadb33511d26c59fa67e933724ecf8f/d5e523ecf25efad35c906180b928f1d5e71d08ae18f38afcffe0516151d4c40c.jpg",
          "oldprice": "",
          "price": 37999,
          "rating": "4",
          "reviewcount": 154,
          "title": "49 (124 см) Телевизор LED LG 49LK6000 черный"
        },
        {
          "comment": 15,
          "href": "#",
          "img": "https://c.dns-shop.ru/thumb/st1/fit/190/190/a0026722fea9a8b02e8dc2a3415b9b90/5628970fe7c2f6a8fbd8bb16144dcd9c5eaa0915381cb32c136fccb03941bd58.jpg",
          "oldprice": "",
          "price": 1050,
          "rating": "4",
          "reviewcount": 154,
          "title": "7 Планшет Ginzzu GT-7010 8 Гб черный"
        },
        {
          "comment": 15,
          "href": "#",
          "img": "https://c.dns-shop.ru/thumb/st1/fit/190/190/c4396226fde934bc1da4dad20ab32e58/d2d0bbe55a49696a37511dbf817ae6b7d1e2acc93b2b893c657ccc38076fee5d.jpg",
          "oldprice": 43999,
          "price": 37999,
          "rating": "4",
          "reviewcount": 154,
          "title": "Холодильник Hisense RB438N4FY1 бежевый"
        },
        {
          "comment": 15,
          "href": "#",
          "img": "https://c.dns-shop.ru/thumb/st1/fit/190/190/1a0f6808d5c89771f17f4fc2b0414591/1961e82b2c750caf9458f6d1e71b0ebff09f16c4bf6d445055b6de014ce80c7f.jpg",
          "oldprice": "",
          "price": 14999,
          "rating": "4",
          "reviewcount": 154,
          "title": "Стиральная машина Daewoo Electronics WMD-S610B1"
        },
        {
          "comment": 15,
          "href": "#",
          "img": "https://c.dns-shop.ru/thumb/st1/fit/190/190/bab22426cebf3b3eb650fc81ec8807b1/e96758622b52e573f65d626647740d337a186ba362662c6a9d106205b8fadf93.jpg",
          "oldprice": "",
          "price": 32999,
          "rating": "5",
          "reviewcount": 154,
          "title": "5.5'Смартфон Apple iPhone 6S Plus 'Как новый' 128 ГБ серебристый"
        },
        {
          "comment": 15,
          "href": "#",
          "img": "https://c.dns-shop.ru/thumb/st1/fit/190/190/fe560d6578cb5866a1035efc96b6f1de/1c08efa45ef2fc0a2ad67ff9bb6bf4d05527e9a8cf04dc123db943a06f92742c.jpg",
          "oldprice": 10999,
          "price": 9999,
          "rating": "4",
          "reviewcount": 154,
          "title": "23.8 Монитор LG 24MP59G-P [24MP59G-P.ARUZ]"
        },
        {
          "comment": 15,
          "href": "#",
          "img": "https://c.dns-shop.ru/thumb/st4/fit/190/190/cf3a8c6e2b4471669addce55648849fe/3affb9ddbe81247f1debb1c1f6a1a7b33d6a082b5114ecc24fe60a6b26fb0420.jpg",
          "oldprice": "",
          "price": 19999,
          "rating": "4",
          "reviewcount": 154,
          "title": "ПК Acer Veriton S2710G [DT.VQEER.011]"
        }
      ]
    },
    {
      "product": [
        {
          "comment": 15,
          "href": "#",
          "img": "https://c.dns-shop.ru/thumb/st1/fit/190/190/7dadb33511d26c59fa67e933724ecf8f/d5e523ecf25efad35c906180b928f1d5e71d08ae18f38afcffe0516151d4c40c.jpg",
          "oldprice": "",
          "price": 37999,
          "rating": "4",
          "reviewcount": 154,
          "title": "49 (124 см) Телевизор LED LG 49LK6000 черный"
        },
        {
          "comment": 15,
          "href": "#",
          "img": "https://c.dns-shop.ru/thumb/st1/fit/190/190/a0026722fea9a8b02e8dc2a3415b9b90/5628970fe7c2f6a8fbd8bb16144dcd9c5eaa0915381cb32c136fccb03941bd58.jpg",
          "oldprice": "",
          "price": 1050,
          "rating": "4",
          "reviewcount": 154,
          "title": "7 Планшет Ginzzu GT-7010 8 Гб черный"
        },
        {
          "comment": 15,
          "href": "#",
          "img": "https://c.dns-shop.ru/thumb/st1/fit/190/190/1a0f6808d5c89771f17f4fc2b0414591/1961e82b2c750caf9458f6d1e71b0ebff09f16c4bf6d445055b6de014ce80c7f.jpg",
          "oldprice": "",
          "price": 14999,
          "rating": "4",
          "reviewcount": 154,
          "title": "Стиральная машина Daewoo Electronics WMD-S610B1"
        },
        {
          "comment": 15,
          "href": "#",
          "img": "https://c.dns-shop.ru/thumb/st1/fit/190/190/00fc13aca42dda8551b571163c93937a/616789788c770440d40afba990ea68a25110732f6edb0b5ef4a63f2e12a7bf4a.jpg",
          "oldprice": "",
          "price": 14299,
          "rating": "4",
          "reviewcount": 154,
          "title": "Видеокарта Palit GeForce GTX 1050 Ti DUAL OC [NE5105TS18G1-1071D]"
        },
        {
          "comment": 15,
          "href": "#",
          "img": "https://c.dns-shop.ru/thumb/st1/fit/190/190/fe560d6578cb5866a1035efc96b6f1de/1c08efa45ef2fc0a2ad67ff9bb6bf4d05527e9a8cf04dc123db943a06f92742c.jpg",
          "oldprice": 10999,
          "price": 9999,
          "rating": "4",
          "reviewcount": 154,
          "title": "23.8 Монитор LG 24MP59G-P [24MP59G-P.ARUZ]"
        },
        {
          "comment": 15,
          "href": "#",
          "img": "https://c.dns-shop.ru/thumb/st4/fit/190/190/cf3a8c6e2b4471669addce55648849fe/3affb9ddbe81247f1debb1c1f6a1a7b33d6a082b5114ecc24fe60a6b26fb0420.jpg",
          "oldprice": "",
          "price": 19999,
          "rating": "4",
          "reviewcount": 154,
          "title": "ПК Acer Veriton S2710G [DT.VQEER.011]"
        },
        {
          "comment": 15,
          "href": "#",
          "img": "https://c.dns-shop.ru/thumb/st1/fit/190/190/bab22426cebf3b3eb650fc81ec8807b1/e96758622b52e573f65d626647740d337a186ba362662c6a9d106205b8fadf93.jpg",
          "oldprice": "",
          "price": 32999,
          "rating": "5",
          "reviewcount": 154,
          "title": "5.5'Смартфон Apple iPhone 6S Plus 'Как новый' 128 ГБ серебристый"
        },
        {
          "comment": 15,
          "href": "#",
          "img": "https://c.dns-shop.ru/thumb/st4/fit/190/190/5fc62f017a6c0fe9c48cd68168bfca3f/0c39f6486867ab1939a2e1e4279f9cf1abd8a48474827cbc1e2b2d4fd48b1003.jpg",
          "oldprice": 19999,
          "price": 18999,
          "rating": "4",
          "reviewcount": 154,
          "title": "15.6 Ноутбук ASUS VivoBook Max D541NA-GQ335T черный"
        },
        {
          "comment": 15,
          "href": "#",
          "img": "https://c.dns-shop.ru/thumb/st1/fit/190/190/c4396226fde934bc1da4dad20ab32e58/d2d0bbe55a49696a37511dbf817ae6b7d1e2acc93b2b893c657ccc38076fee5d.jpg",
          "oldprice": 43999,
          "price": 37999,
          "rating": "4",
          "reviewcount": 154,
          "title": "Холодильник Hisense RB438N4FY1 бежевый"
        }
      ]
    },
    {
      "product": [
        {
          "comment": 15,
          "href": "#",
          "img": "https://c.dns-shop.ru/thumb/st1/fit/190/190/bab22426cebf3b3eb650fc81ec8807b1/e96758622b52e573f65d626647740d337a186ba362662c6a9d106205b8fadf93.jpg",
          "oldprice": "",
          "price": 32999,
          "rating": "5",
          "reviewcount": 154,
          "title": "5.5'Смартфон Apple iPhone 6S Plus 'Как новый' 128 ГБ серебристый"
        },
        {
          "comment": 15,
          "href": "#",
          "img": "https://c.dns-shop.ru/thumb/st4/fit/190/190/5fc62f017a6c0fe9c48cd68168bfca3f/0c39f6486867ab1939a2e1e4279f9cf1abd8a48474827cbc1e2b2d4fd48b1003.jpg",
          "oldprice": 19999,
          "price": 18999,
          "rating": "4",
          "reviewcount": 154,
          "title": "15.6 Ноутбук ASUS VivoBook Max D541NA-GQ335T черный"
        },
        {
          "comment": 15,
          "href": "#",
          "img": "https://c.dns-shop.ru/thumb/st1/fit/190/190/7dadb33511d26c59fa67e933724ecf8f/d5e523ecf25efad35c906180b928f1d5e71d08ae18f38afcffe0516151d4c40c.jpg",
          "oldprice": "",
          "price": 37999,
          "rating": "4",
          "reviewcount": 154,
          "title": "49 (124 см) Телевизор LED LG 49LK6000 черный"
        },
        {
          "comment": 15,
          "href": "#",
          "img": "https://c.dns-shop.ru/thumb/st1/fit/190/190/a0026722fea9a8b02e8dc2a3415b9b90/5628970fe7c2f6a8fbd8bb16144dcd9c5eaa0915381cb32c136fccb03941bd58.jpg",
          "oldprice": "",
          "price": 1050,
          "rating": "4",
          "reviewcount": 154,
          "title": "7 Планшет Ginzzu GT-7010 8 Гб черный"
        },
        {
          "comment": 15,
          "href": "#",
          "img": "https://c.dns-shop.ru/thumb/st1/fit/190/190/c4396226fde934bc1da4dad20ab32e58/d2d0bbe55a49696a37511dbf817ae6b7d1e2acc93b2b893c657ccc38076fee5d.jpg",
          "oldprice": 43999,
          "price": 37999,
          "rating": "4",
          "reviewcount": 154,
          "title": "Холодильник Hisense RB438N4FY1 бежевый"
        },
        {
          "comment": 15,
          "href": "#",
          "img": "https://c.dns-shop.ru/thumb/st1/fit/190/190/1a0f6808d5c89771f17f4fc2b0414591/1961e82b2c750caf9458f6d1e71b0ebff09f16c4bf6d445055b6de014ce80c7f.jpg",
          "oldprice": "",
          "price": 14999,
          "rating": "4",
          "reviewcount": 154,
          "title": "Стиральная машина Daewoo Electronics WMD-S610B1"
        },
        {
          "comment": 15,
          "href": "#",
          "img": "https://c.dns-shop.ru/thumb/st1/fit/190/190/00fc13aca42dda8551b571163c93937a/616789788c770440d40afba990ea68a25110732f6edb0b5ef4a63f2e12a7bf4a.jpg",
          "oldprice": "",
          "price": 14299,
          "rating": "4",
          "reviewcount": 154,
          "title": "Видеокарта Palit GeForce GTX 1050 Ti DUAL OC [NE5105TS18G1-1071D]"
        },
        {
          "comment": 15,
          "href": "#",
          "img": "https://c.dns-shop.ru/thumb/st1/fit/190/190/fe560d6578cb5866a1035efc96b6f1de/1c08efa45ef2fc0a2ad67ff9bb6bf4d05527e9a8cf04dc123db943a06f92742c.jpg",
          "oldprice": 10999,
          "price": 9999,
          "rating": "4",
          "reviewcount": 154,
          "title": "23.8 Монитор LG 24MP59G-P [24MP59G-P.ARUZ]"
        },
        {
          "comment": 15,
          "href": "#",
          "img": "https://c.dns-shop.ru/thumb/st4/fit/190/190/cf3a8c6e2b4471669addce55648849fe/3affb9ddbe81247f1debb1c1f6a1a7b33d6a082b5114ecc24fe60a6b26fb0420.jpg",
          "oldprice": "",
          "price": 19999,
          "rating": "4",
          "reviewcount": 154,
          "title": "ПК Acer Veriton S2710G [DT.VQEER.011]"
        }
      ]
    },
    {
      "product": [
        {
          "comment": 15,
          "href": "#",
          "img": "https://c.dns-shop.ru/thumb/st1/fit/190/190/1a0f6808d5c89771f17f4fc2b0414591/1961e82b2c750caf9458f6d1e71b0ebff09f16c4bf6d445055b6de014ce80c7f.jpg",
          "oldprice": "",
          "price": 14999,
          "rating": "4",
          "reviewcount": 154,
          "title": "Стиральная машина Daewoo Electronics WMD-S610B1"
        },
        {
          "comment": 15,
          "href": "#",
          "img": "https://c.dns-shop.ru/thumb/st1/fit/190/190/00fc13aca42dda8551b571163c93937a/616789788c770440d40afba990ea68a25110732f6edb0b5ef4a63f2e12a7bf4a.jpg",
          "oldprice": "",
          "price": 14299,
          "rating": "4",
          "reviewcount": 154,
          "title": "Видеокарта Palit GeForce GTX 1050 Ti DUAL OC [NE5105TS18G1-1071D]"
        },
        {
          "comment": 15,
          "href": "#",
          "img": "https://c.dns-shop.ru/thumb/st1/fit/190/190/fe560d6578cb5866a1035efc96b6f1de/1c08efa45ef2fc0a2ad67ff9bb6bf4d05527e9a8cf04dc123db943a06f92742c.jpg",
          "oldprice": 10999,
          "price": 9999,
          "rating": "4",
          "reviewcount": 154,
          "title": "23.8 Монитор LG 24MP59G-P [24MP59G-P.ARUZ]"
        },
        {
          "comment": 15,
          "href": "#",
          "img": "https://c.dns-shop.ru/thumb/st4/fit/190/190/cf3a8c6e2b4471669addce55648849fe/3affb9ddbe81247f1debb1c1f6a1a7b33d6a082b5114ecc24fe60a6b26fb0420.jpg",
          "oldprice": "",
          "price": 19999,
          "rating": "4",
          "reviewcount": 154,
          "title": "ПК Acer Veriton S2710G [DT.VQEER.011]"
        },
        {
          "comment": 15,
          "href": "#",
          "img": "https://c.dns-shop.ru/thumb/st1/fit/190/190/bab22426cebf3b3eb650fc81ec8807b1/e96758622b52e573f65d626647740d337a186ba362662c6a9d106205b8fadf93.jpg",
          "oldprice": "",
          "price": 32999,
          "rating": "5",
          "reviewcount": 154,
          "title": "5.5'Смартфон Apple iPhone 6S Plus 'Как новый' 128 ГБ серебристый"
        },
        {
          "comment": 15,
          "href": "#",
          "img": "https://c.dns-shop.ru/thumb/st4/fit/190/190/5fc62f017a6c0fe9c48cd68168bfca3f/0c39f6486867ab1939a2e1e4279f9cf1abd8a48474827cbc1e2b2d4fd48b1003.jpg",
          "oldprice": 19999,
          "price": 18999,
          "rating": "4",
          "reviewcount": 154,
          "title": "15.6 Ноутбук ASUS VivoBook Max D541NA-GQ335T черный"
        },
        {
          "comment": 15,
          "href": "#",
          "img": "https://c.dns-shop.ru/thumb/st1/fit/190/190/7dadb33511d26c59fa67e933724ecf8f/d5e523ecf25efad35c906180b928f1d5e71d08ae18f38afcffe0516151d4c40c.jpg",
          "oldprice": "",
          "price": 37999,
          "rating": "4",
          "reviewcount": 154,
          "title": "49 (124 см) Телевизор LED LG 49LK6000 черный"
        },
        {
          "comment": 15,
          "href": "#",
          "img": "https://c.dns-shop.ru/thumb/st1/fit/190/190/a0026722fea9a8b02e8dc2a3415b9b90/5628970fe7c2f6a8fbd8bb16144dcd9c5eaa0915381cb32c136fccb03941bd58.jpg",
          "oldprice": "",
          "price": 1050,
          "rating": "4",
          "reviewcount": 154,
          "title": "7 Планшет Ginzzu GT-7010 8 Гб черный"
        },
        {
          "comment": 15,
          "href": "#",
          "img": "https://c.dns-shop.ru/thumb/st1/fit/190/190/c4396226fde934bc1da4dad20ab32e58/d2d0bbe55a49696a37511dbf817ae6b7d1e2acc93b2b893c657ccc38076fee5d.jpg",
          "oldprice": 43999,
          "price": 37999,
          "rating": "4",
          "reviewcount": 154,
          "title": "Холодильник Hisense RB438N4FY1 бежевый"
        }
      ]
    }
  ],
  "productsview": [
    {
      "comment": 8,
      "href": "#",
      "img": "https://c.dns-shop.ru/thumb/st1/fit/190/190/e6699e9eca05ee1f556b8ce28e7d6cbe/e73e71bf7e5e25a3dc299ba51edd7f29b4199ef5386aaa15c5a251b9c9bf5b75.jpg",
      "oldprice": "",
      "price": 32999,
      "rating": "5",
      "reviewcount": 154,
      "title": "Зеркальная камера Pentax K-S2 kit DA 18-135mm DC"
    },
    {
      "comment": 87,
      "href": "#",
      "img": "https://c.dns-shop.ru/thumb/st4/fit/190/190/ee3ea2ffa9439ddf74c012fa2cbff7c8/05473516cee89919e7df73e3bc4a1bb7567837a99e03a4d6654fb731579ccfd3.jpg",
      "oldprice": 19999,
      "price": 18999,
      "rating": "4",
      "reviewcount": 154,
      "title": "Зеркальная камера Pentax K-S2 kit DA 18-135mm"
    },
    {
      "comment": 44,
      "href": "#",
      "img": "https://c.dns-shop.ru/thumb/st4/fit/190/190/3b7cf81fce40b7873909f2e1d366e4c7/e8f5c5aa539c0520ea6e1214bfcdc089071b9481c0ff89d085dde4f3440fe6de.jpg",
      "oldprice": "",
      "price": 37999,
      "rating": "4",
      "reviewcount": 154,
      "title": "Зеркальная камера Pentax K-1 MARK II Body черный"
    },
    {
      "comment": 15,
      "href": "#",
      "img": "https://c.dns-shop.ru/thumb/st4/fit/190/190/7304f03d5524d1a1d45980f49c0d74a6/0306d53da06962c8359df23630f16a565fadb6cc21bf2697c8f2d3a5bc000284.jpg",
      "oldprice": "",
      "price": 1050,
      "rating": "4",
      "reviewcount": 154,
      "title": "Зеркальная камера Pentax K-1 Limited Body серебристый"
    },
    {
      "comment": 15,
      "href": "#",
      "img": "https://c.dns-shop.ru/thumb/st1/fit/190/190/fe560d6578cb5866a1035efc96b6f1de/1c08efa45ef2fc0a2ad67ff9bb6bf4d05527e9a8cf04dc123db943a06f92742c.jpg",
      "oldprice": 10999,
      "price": 9999,
      "rating": "4",
      "reviewcount": 154,
      "title": "23.8 Монитор LG 24MP59G-P [24MP59G-P.ARUZ]"
    },
    {
      "comment": 15,
      "href": "#",
      "img": "https://c.dns-shop.ru/thumb/st4/fit/190/190/cf3a8c6e2b4471669addce55648849fe/3affb9ddbe81247f1debb1c1f6a1a7b33d6a082b5114ecc24fe60a6b26fb0420.jpg",
      "oldprice": "",
      "price": 19999,
      "rating": "4",
      "reviewcount": 154,
      "title": "ПК Acer Veriton S2710G [DT.VQEER.011]"
    }
  ],
  "review": [
    {
      "autor": "Aleksinio",
      "bgColor": "#f4eede",
      "comment": 12,
      "date": "2018-06-16T21:17:43",
      "format": "Текст",
      "img": "https://i.snag.gy/09HnCr.jpg",
      "imgFull": "https://i.snag.gy/l48NqH.jpg",
      "isLocked": false,
      "like": 16,
      "source": "Pro-обзор",
      "tags": "Компьютеры",
      "teaser": "Приветствую всех читателей моего блога. В этом обзоре я расскажу про персональный компьютер DEXP Jupiter P182. Лично я предпочитаю собирать компьютеры самостоятельно. Почитать отзывы, что лучше - добавить планку ОЗУ или проц помощнее взять.",
      "textColor": "#000",
      "title": "Обзор ноутбука Jupiter P182 от компании DEXP",
      "view": 4801
    },
    {
      "autor": "Виктор",
      "bgColor": "#69b0c4",
      "comment": 11,
      "date": "2018-07-16T21:17:43",
      "format": "Видео",
      "img": "https://c.dns-shop.ru/thumb/st1/fit/320/250/814c184c740dd0db5338838313463bbb/eb9e6f37159c5995d7d8a76eb307b72732d5659cc41e8dab5fe6146398bfcd6e.jpg",
      "imgFull": "https://i.snag.gy/fBR8aN.jpg",
      "isLocked": false,
      "like": 6,
      "source": "Любительский обзор",
      "tags": "Парогенераторы",
      "teaser": "Продолжаем тестировать приборы для ухода за одеждой. В предыдущих обзорах были рассмотрены отпариватели разных типов, теперь же настала очередь парогенератора.",
      "textColor": "#fff",
      "title": "Обзор телевизора Philips GC6709/20",
      "view": 1890
    },
    {
      "autor": "Виктор",
      "bgColor": "#69b0c4",
      "comment": 10,
      "date": "2018-06-16T21:17:43",
      "format": "Текст",
      "img": "https://c.dns-shop.ru/thumb/st1/fit/320/250/4c0be5bd467df8b2a629a96f5c883733/55257a0c00dbcd625ffd2edd953c7505a5c1d134a3aa0f29e3d92fce9d57aa94.jpg",
      "imgFull": "https://i.snag.gy/fBR8aN.jpg",
      "isLocked": false,
      "like": 12,
      "source": "Pro-обзор",
      "tags": "Компьютеры",
      "teaser": "Явление архитектуры Zen в лице AMD Ryzen дало начало новому витку процессорных войн. У AMD всегда так – несколько лет застоя сменяются короткими, но яркими проблесками гениальности инженеров, что даже вечно отдыхающая на лаврах Intel спешно берется за голову, пытаясь обуздать натиск конкурента.",
      "textColor": "#fff",
      "title": "Обзор процессора AMD Ryzen 7 2700X: быстрая память и мощный кулер в помощь!",
      "view": 364
    },
    {
      "autor": "Виктор",
      "bgColor": "#69b0c4",
      "comment": 12,
      "date": "2018-06-16T21:17:43",
      "format": "Текст",
      "img": "https://c.dns-shop.ru/thumb/st1/fit/190/190/9323a897501a413ac4c43ac92abd1e10/89fdad49f11004a6b602cd08816dbe0598abe55a2e9a42c41db16881ca513895.jpg",
      "imgFull": "https://i.snag.gy/fBR8aN.jpg",
      "isLocked": false,
      "like": 11,
      "source": "Pro-обзор",
      "tags": "Компьютеры",
      "teaser": "Что может потребоваться от современной карты памяти? Большой объем и высокая скорость чтения и записи – именно это приходит на ум. Да и сложно придумать что-то еще. Надежность? Да, конечно, но в настоящее время топ бренды дают пожизненную гарантию на свои лучшие образцы, что уже говорит о высокой надежности.",
      "textColor": "#fff",
      "title": "Обзор карты памяти Kingston Canvas React microSDHC 32 ГБ",
      "view": 4654
    },
    {
      "autor": "Виктор",
      "bgColor": "#69b0c4",
      "comment": 35,
      "date": "2018-06-16T21:17:43",
      "format": "Текст",
      "img": "https://c.dns-shop.ru/thumb/st1/fit/190/190/0f35b6dac6a45cf9799bcc110ce51294/67d4914b82649ded43e560f7b43056c7c56d8f2c761bc3f9f4339c8f4dbdb4bf.jpg",
      "imgFull": "https://i.snag.gy/fBR8aN.jpg",
      "isLocked": false,
      "like": 45,
      "source": "Любительский обзор",
      "tags": "Компьютеры",
      "teaser": "Рынок и технологии диктуют свои правила, накопители в форм-факторе M.2 давно уже вошли в обиход пользователей, и компания патриот выпустила новую линейку накопителей в компактном формате и с техническими характеристиками, достойными внимания при сборке нового ПК. ",
      "textColor": "#fff",
      "title": "Обзор твердотельного накопителя 256 ГБ SSD M.2 Patriot Scorch - c прицелом на успех",
      "view": 5451
    },
    {
      "autor": "Виктор",
      "bgColor": "#69b0c4",
      "comment": 15,
      "date": "2018-06-16T21:17:43",
      "format": "Текст",
      "img": "https://c.dns-shop.ru/thumb/st1/fit/320/250/403b747b70a0232a650b732e52a22950/8ae31325aa3b06ca50ee211eacfe67c138c35dd12be7c4242d4c890fad08aa0b.jpg",
      "imgFull": "https://i.snag.gy/fBR8aN.jpg",
      "isLocked": false,
      "like": 7,
      "source": "Любительский обзор",
      "tags": "Компьютеры",
      "teaser": "Добрый день, дорогие читатели. Возможно, многие из вас владеют автомобилем. Я не стану утверждать, что регистратор это волшебная и необходимая штука, на самом деле он нужен примерно так же, как знак аварийной остановки",
      "textColor": "#fff",
      "title": "Обзор автомобильного видеорегистратора QStar RG52",
      "view": 1007
    }
  ],
  "sets": [
    {
      "set": [
        {
          "img": "https://i.snag.gy/s7CLxz.jpg",
          "price": 2750,
          "title": "Экшн-камеры FHD 60fps"
        },
        {
          "img": "https://i.snag.gy/T8ZWpo.jpg",
          "price": 17800,
          "title": "Зеркальные фотоаппараты"
        },
        {
          "img": "https://i.snag.gy/wAlcI2.jpg",
          "price": 750,
          "title": "Бинокли с большим увеличением"
        }
      ]
    },
    {
      "set": [
        {
          "img": "https://i.snag.gy/CEKjkB.jpg",
          "price": 11800,
          "title": "Инверторные кондиционеры"
        },
        {
          "img": "https://i.snag.gy/kXihza.jpg",
          "price": 1650,
          "title": "Настольные вентиляторы"
        },
        {
          "img": "https://i.snag.gy/XO4e0i.jpg",
          "price": 1650,
          "title": "Мобильные кондиционеры"
        },
        {
          "img": "https://i.snag.gy/CEKjkB.jpg",
          "price": 11800,
          "title": "Инверторные кондиционеры"
        }
      ]
    },
    {
      "set": [
        {
          "img": "https://i.snag.gy/cAUFWJ.jpg",
          "price": 8600,
          "title": "Водонагреватели накопительные"
        },
        {
          "img": "https://i.snag.gy/spgGbn.jpg",
          "price": 2100,
          "title": "Проточные водонагреватели"
        },
        {
          "img": "https://i.snag.gy/L28hCg.jpg",
          "price": 4800,
          "title": "Водонагреватели газовые"
        }
      ]
    },
    {
      "set": [
        {
          "img": "https://i.snag.gy/CEKjkB.jpg",
          "price": 3400,
          "title": "Портативное аудио"
        },
        {
          "img": "https://i.snag.gy/kXihza.jpg",
          "price": 1650,
          "title": "Мобильные холодильники"
        },
        {
          "img": "https://i.snag.gy/XO4e0i.jpg",
          "price": 1650,
          "title": "Садовое оборудование"
        }
      ]
    },
    {
      "set": [
        {
          "img": "https://i.snag.gy/cAUFWJ.jpg",
          "price": 11800,
          "title": "Топовые видеокарты"
        },
        {
          "img": "https://i.snag.gy/spgGbn.jpg",
          "price": 1650,
          "title": "Топовые процессоры"
        },
        {
          "img": "https://i.snag.gy/L28hCg.jpg",
          "price": 1650,
          "title": "SSD накопители"
        }
      ]
    }
  ]
}
