{
    "productsview":
    [{
        "comment": 8,
        "href": "#",
        "img": "https://c.dns-shop.ru/thumb/st1/fit/190/190/e6699e9eca05ee1f556b8ce28e7d6cbe/e73e71bf7e5e25a3dc299ba51edd7f29b4199ef5386aaa15c5a251b9c9bf5b75.jpg",
        "oldprice": "",
        "price": 32999,
        "rating": "5",
        "reviewcount": 154,
        "title": "Зеркальная камера Pentax K-S2 kit DA 18-135mm DC"
    }, {
        "comment": 87,
        "href": "#",
        "img": "https://c.dns-shop.ru/thumb/st4/fit/190/190/ee3ea2ffa9439ddf74c012fa2cbff7c8/05473516cee89919e7df73e3bc4a1bb7567837a99e03a4d6654fb731579ccfd3.jpg",
        "oldprice": 19999,
        "price": 18999,
        "rating": "4",
        "reviewcount": 154,
        "title": "Зеркальная камера Pentax K-S2 kit DA 18-135mm"
    }, {
        "comment": 44,
        "href": "#",
        "img": "https://c.dns-shop.ru/thumb/st4/fit/190/190/3b7cf81fce40b7873909f2e1d366e4c7/e8f5c5aa539c0520ea6e1214bfcdc089071b9481c0ff89d085dde4f3440fe6de.jpg",
        "oldprice": "",
        "price": 37999,
        "rating": "4",
        "reviewcount": 154,
        "title": "Зеркальная камера Pentax K-1 MARK II Body черный"
    }, {
        "comment": 15,
        "href": "#",
        "img": "https://c.dns-shop.ru/thumb/st4/fit/190/190/7304f03d5524d1a1d45980f49c0d74a6/0306d53da06962c8359df23630f16a565fadb6cc21bf2697c8f2d3a5bc000284.jpg",
        "oldprice": "",
        "price": 1050,
        "rating": "4",
        "reviewcount": 154,
        "title": "Зеркальная камера Pentax K-1 Limited Body серебристый"
    }, {
        "comment": 15,
        "href": "#",
        "img": "https://c.dns-shop.ru/thumb/st1/fit/190/190/fe560d6578cb5866a1035efc96b6f1de/1c08efa45ef2fc0a2ad67ff9bb6bf4d05527e9a8cf04dc123db943a06f92742c.jpg",
        "oldprice": 10999,
        "price": 9999,
        "rating": "4",
        "reviewcount": 154,
        "title": "23.8 Монитор LG 24MP59G-P [24MP59G-P.ARUZ]"
    }, {
        "comment": 15,
        "href": "#",
        "img": "https://c.dns-shop.ru/thumb/st4/fit/190/190/cf3a8c6e2b4471669addce55648849fe/3affb9ddbe81247f1debb1c1f6a1a7b33d6a082b5114ecc24fe60a6b26fb0420.jpg",
        "oldprice": "",
        "price": 19999,
        "rating": "4",
        "reviewcount": 154,
        "title": "ПК Acer Veriton S2710G [DT.VQEER.011]"
    }]
}